"Temp..C.","length_mm","length_se","dw_mg","dw_se","afdw_mg","afdw_se","Z0_ug_L","Z0_se","F_ml_mg.h","F_se","FI_mL_mg.h","FI_se","CR_ug_mg.h","CI_se","IR_ug_mg.h","IR_se","MDR_gC_gc.d","MDR_se"
5,18.795,0.181951229729288,13.6675,0.194822301512601,12.0275,0.170933405648711,5.12275,0.0199440623996216,6.605,0.533953415571059,6.605,0.533953415571059,0.0273,0.00188558125432628,0.0273,0.00188558125432628,0.0727504638988286,0.00501521446553764
17.1,20.505,0.179460998548431,11.9225,0.382613681363679,10.49,0.336229088569089,4.9785,0.0163573378029555,19.0225,0.34294299210413,19.0225,0.34294299210413,0.068025,0.00131741144547429,0.068025,0.00131741144547429,0.18145218424379,0.00351958964498048
11,20.35,0.130989821487524,17.99,0.264630245184987,15.8325,0.231574097212966,13.08,0.150996688705415,28.2275,0.267296456828992,28.2275,0.267296456828992,0.1341,0.00035765439556458,0.1341,0.00035765439556458,0.35758299708282,0.000970525631850179
24,19.035,0.156757509123699,15.845,0.405434437774264,13.9425,0.356729209859056,8.895,0.0640800280898814,31.2125,1.8027471802317,31.2125,1.8027471802317,0.158225,0.00750553615117978,0.158225,0.00750553615117978,0.421950903972511,0.020030701431559
11.6,20.445,0.127565342733309,17.99,0.264630245184987,15.8325,0.231574097212966,15.04,0.0632455532033674,23.7775,1.00590832708553,23.7775,1.00590832708553,0.1576,0.00373033733952664,0.1576,0.00373033733952664,0.420274454952484,0.00995962034649906
